vertical,area,initiative,service,date,spend
Retail,Platform,Pocket Growth,Kubernetes (GKE),01/07/2024,1938.69
Retail,Promotion,Ad Targeting,AWS Redshift,01/07/2024,1603.6
Fintech,Lending,Logistics Optimization,AWS S3,01/07/2024,281.31
Fintech,Deposits,Search Relevance,Kubernetes (GKE),01/07/2024,1445.31
Fintech,Deposits,Logistics Optimization,GCP Cloud Storage,01/07/2024,1909.07
Fintech,Pocket,Fraud Shield,GCP BigQuery,02/07/2024,2304.29
Retail,Delivery,Checkout Revamp,AWS Redshift,02/07/2024,1470.72
Fintech,Pocket,Fraud Shield,GCP Cloud Run,02/07/2024,873.66
Retail,Advertisement,Lending Scoring,GCP BigQuery,02/07/2024,620.09
Fintech,Transfers,Seller Onboarding 2.0,GCP Cloud Run,02/07/2024,948.73
Retail,Services,Fraud Shield,AWS S3,03/07/2024,419.59
Retail,Advertisement,Shipping Automation,GCP BigQuery,03/07/2024,1785.98
Fintech,Pocket,CrossBorder Expansion,AWS Lambda,03/07/2024,1887.57
Fintech,Transfers,Search Relevance,GCP Cloud Run,03/07/2024,741.77
Fintech,Deposits,Logistics Optimization,Databricks,03/07/2024,193.33
Fintech,Lending,Shipping Automation,AWS S3,04/07/2024,1165.06
Retail,Advertisement,Seller Onboarding 2.0,Databricks,04/07/2024,938.09
Fintech,Bank account,Pocket Growth,GCP Cloud Run,04/07/2024,1160.81
Retail,Advertisement,Shipping Automation,AWS EC2,04/07/2024,344.41
Retail,Delivery,Pocket Growth,AWS Redshift,05/07/2024,212.62
Retail,Services,Lending Scoring,AWS S3,05/07/2024,441.52
Fintech,Pocket,Fraud Shield,Azure Data Lake,05/07/2024,237.07
Fintech,Lending,Shipping Automation,AWS Redshift,05/07/2024,1485.11
Fintech,Lending,Pocket Growth,AWS S3,5 de julio de 2024,1561.78
Retail,Delivery,Seller Onboarding 2.0,AWS EC2,05/07/2024,144.56
Retail,Delivery,Checkout Revamp,Kubernetes (GKE),05/07/2024,1247.0
Retail,Platform,Pocket Growth,Kubernetes (GKE),06/07/2024,2076.55
Fintech,Pocket,CrossBorder Expansion,AWS Lambda,06/07/2024,1848.24
Retail,Services,Lending Scoring,GCP Cloud Storage,06/07/2024,1301.74
Fintech,Deposits,Fraud Shield,Databricks,06/07/2024,627.03
Retail,Platform,Pocket Growth,AWS S3,07/07/2024,1439.05
Fintech,Bank account,Lending Scoring,AWS EC2,07/07/2024,959.4
Retail,Services,Ad Targeting,GCP Cloud Storage,07/07/2024,1436.38
Retail,Delivery,CrossBorder Expansion,AWS EC2,07/07/2024,2634.21
Fintech,Transfers,Search Relevance,GCP Cloud Run,08/07/2024,832.95
Retail,Delivery,Search Relevance,AWS EC2,08/07/2024,468.21
Retail,Platform,Fraud Shield,Kubernetes (GKE),8 de julio de 2024,2875.31
Retail,Promotion,Shipping Automation,AWS Redshift,08/07/2024,1469.9
Fintech,Transfers,Search Relevance,GCP BigQuery,08/07/2024,713.49
Fintech,Pocket,Lending Scoring,GCP Cloud Run,08/07/2024,343.36
Fintech,Bank account,Pocket Growth,AWS EC2,08/07/2024,2169.18
Retail,Promotion,CrossBorder Expansion,AWS Redshift,09/07/2024,1710.05
Fintech,Pocket,Lending Scoring,Azure Data Lake,09/07/2024,1648.71
Fintech,Bank account,Lending Scoring,GCP Cloud Storage,09/07/2024,698.69
Retail,Delivery,Checkout Revamp,AWS Redshift,09/07/2024,2076.57
Fintech,Transfers,Search Relevance,GCP BigQuery,10/07/2024,583.17
Retail,Delivery,CrossBorder Expansion,Kubernetes (GKE),10/07/2024,202.72
Retail,Services,Seller Onboarding 2.0,GCP Cloud Storage,10/07/2024,463.07
Fintech,Lending,Logistics Optimization,AWS S3,10/07/2024,425.06
Fintech,Lending,Shipping Automation,AWS S3,11/07/2024,1278.81
Fintech,Transfers,Fraud Shield,AWS Redshift,11/07/2024,2095.47
Retail,Platform,Fraud Shield,AWS Lambda,11/07/2024,192.22
Fintech,Transfers,Seller Onboarding 2.0,GCP Cloud Run,11/07/2024,724.31
Retail,Advertisement,Lending Scoring,Databricks,11/07/2024,1690.25
Fintech,Lending,CrossBorder Expansion,Databricks,12/07/2024,852.0
Fintech,Deposits,Fraud Shield,GCP Cloud Storage,12/07/2024,1958.84
Retail,Advertisement,Seller Onboarding 2.0,AWS EC2,12/07/2024,117.28
Retail,Delivery,Fraud Shield,Kubernetes (GKE),12/07/2024,1421.71
Retail,Promotion,Lending Scoring,GCP Cloud Storage,13/07/2024,1539.9
Fintech,Transfers,Fraud Shield,GCP BigQuery,13/07/2024,1401.1
Fintech,Transfers,Seller Onboarding 2.0,AWS S3,13/07/2024,2445.13
Retail,Promotion,Lending Scoring,AWS S3,13/07/2024,731.62
Fintech,Pocket,Ad Targeting,GCP BigQuery,13/07/2024,1773.0
Retail,Platform,Search Relevance,AWS S3,13 de julio de 2024,996.7
Retail,Services,Seller Onboarding 2.0,AWS Lambda,14/07/2024,548.59
Retail,Promotion,Search Relevance,GCP Cloud Storage,14/07/2024,1304.0
Fintech,Pocket,Ad Targeting,AWS Lambda,14/07/2024,91.35
Fintech,Deposits,Checkout Revamp,AWS EC2,14/07/2024,688.5
Fintech,Transfers,Seller Onboarding 2.0,AWS Redshift,14/07/2024,793.55
Fintech,Pocket,Lending Scoring,AWS S3,14/07/2024,668.65
Retail,Delivery,Seller Onboarding 2.0,AWS Redshift,15/07/2024,780.79
Retail,Delivery,Pocket Growth,Kubernetes (GKE),15/07/2024,1503.08
Fintech,Lending,Pocket Growth,Databricks,15/07/2024,1173.4
Retail,Platform,Search Relevance,AWS S3,15/07/2024,1212.48
Fintech,Pocket,CrossBorder Expansion,Azure Data Lake,15/07/2024,440.27
Retail,Services,Ad Targeting,GCP Cloud Storage,15/07/2024,1482.34
Fintech,Deposits,Pocket Growth,Databricks,16 de julio de 2024,1314.82
Fintech,Pocket,CrossBorder Expansion,GCP Cloud Run,16/07/2024,268.67
Fintech,Bank account,CrossBorder Expansion,GCP Cloud Run,16/07/2024,194.96
Fintech,Deposits,CrossBorder Expansion,GCP Cloud Storage,16/07/2024,2316.59
Fintech,Lending,CrossBorder Expansion,AWS Lambda,17/07/2024,2345.48
Retail,Delivery,Seller Onboarding 2.0,AWS EC2,17/07/2024,109.13
Retail,Promotion,Seller Onboarding 2.0,AWS Redshift,17/07/2024,422.08
Retail,Advertisement,Seller Onboarding 2.0,GCP BigQuery,17/07/2024,575.87
Fintech,Bank account,Shipping Automation,AWS EC2,17/07/2024,359.12
Fintech,Pocket,CrossBorder Expansion,AWS Lambda,17/07/2024,2031.24
Retail,Platform,Fraud Shield,AWS S3,18/07/2024,436.76
Retail,Promotion,Shipping Automation,AWS Redshift,18/07/2024,1063.24
Fintech,Lending,Logistics Optimization,AWS S3,18/07/2024,450.54
Retail,Services,Lending Scoring,GCP BigQuery,18/07/2024,714.31
Fintech,Deposits,Pocket Growth,AWS Redshift,18/07/2024,193.75
Fintech,Bank account,Lending Scoring,GCP Cloud Run,18/07/2024,364.41
Retail,Services,Search Relevance,GCP BigQuery,19/07/2024,698.64
Retail,Advertisement,Logistics Optimization,AWS EC2,19/07/2024,1304.76
Fintech,Transfers,Seller Onboarding 2.0,AWS Redshift,19 de julio de 2024,620.99
Retail,Platform,Fraud Shield,AWS Lambda,19/07/2024,240.8
Fintech,Lending,Fraud Shield,AWS S3,19/07/2024,514.49
Retail,Platform,Search Relevance,AWS Lambda,19/07/2024,160.58
Fintech,Bank account,Pocket Growth,GCP Cloud Storage,19/07/2024,604.2
Retail,Advertisement,Seller Onboarding 2.0,AWS EC2,20/07/2024,137.53
Fintech,Lending,Pocket Growth,AWS Lambda,20/07/2024,1083.71
Fintech,Lending,Fraud Shield,AWS S3,20/07/2024,379.26
Retail,Promotion,Lending Scoring,AWS S3,20/07/2024,956.82
Fintech,Bank account,Shipping Automation,AWS EC2,20/07/2024,286.21
Fintech,Bank account,CrossBorder Expansion,AWS S3,21/07/2024,1390.14
Retail,Services,Lending Scoring,GCP BigQuery,21/07/2024,563.18
Fintech,Bank account,Seller Onboarding 2.0,AWS S3,21/07/2024,2051.85
Retail,Delivery,Fraud Shield,Kubernetes (GKE),21/07/2024,1358.43
Fintech,Deposits,Search Relevance,Databricks,21/07/2024,490.01
Fintech,Deposits,Checkout Revamp,AWS EC2,21/07/2024,755.42
Retail,Promotion,CrossBorder Expansion,AWS S3,21/07/2024,1751.18
Fintech,Deposits,CrossBorder Expansion,AWS Redshift,22/07/2024,1905.59
Retail,Advertisement,Shipping Automation,AWS EC2,22/07/2024,303.42
Fintech,Transfers,Fraud Shield,AWS Redshift,22/07/2024,1625.51
Fintech,Pocket,Lending Scoring,AWS S3,22/07/2024,923.65
Fintech,Bank account,CrossBorder Expansion,AWS EC2,22/07/2024,294.34
Fintech,Lending,Pocket Growth,AWS Lambda,22/07/2024,1152.01
Retail,Advertisement,Shipping Automation,Databricks,23/07/2024,434.06
Retail,Services,Search Relevance,GCP BigQuery,23/07/2024,604.58
Retail,Advertisement,Shipping Automation,Databricks,23 de julio de 2024,443.51
Fintech,Bank account,Pocket Growth,AWS EC2,23/07/2024,1806.17
Fintech,Deposits,Search Relevance,AWS Lambda,24/07/2024,174.7
Retail,Platform,Fraud Shield,AWS S3,24/07/2024,477.07
Retail,Promotion,Shipping Automation,AWS Redshift,24/07/2024,990.15
Retail,Services,Fraud Shield,AWS S3,24/07/2024,394.03
Retail,Promotion,Lending Scoring,GCP Cloud Storage,24/07/2024,1589.31
Fintech,Bank account,CrossBorder Expansion,Kubernetes (GKE),25/07/2024,188.22
Fintech,Lending,Logistics Optimization,AWS Lambda,25/07/2024,719.73
Fintech,Bank account,Shipping Automation,AWS EC2,25/07/2024,394.29
Fintech,Deposits,Fraud Shield,AWS Lambda,25/07/2024,215.82
Retail,Advertisement,Lending Scoring,GCP BigQuery,25/07/2024,688.3
Fintech,Deposits,Search Relevance,Kubernetes (GKE),26/07/2024,1146.95
Fintech,Pocket,Fraud Shield,AWS Lambda,26/07/2024,873.53
Retail,Services,Checkout Revamp,GCP BigQuery,26/07/2024,744.46
Retail,Promotion,Lending Scoring,GCP Cloud Storage,26/07/2024,647.3
Fintech,Bank account,Lending Scoring,GCP Cloud Run,26/07/2024,390.03
Fintech,Bank account,Pocket Growth,AWS S3,27/07/2024,1336.77
Fintech,Transfers,Fraud Shield,GCP BigQuery,27/07/2024,3739.24
Retail,Promotion,Ad Targeting,AWS Redshift,27/07/2024,1930.86
Retail,Promotion,CrossBorder Expansion,GCP Cloud Storage,27/07/2024,1678.12
Fintech,Bank account,Pocket Growth,Kubernetes (GKE),27/07/2024,2565.52
Fintech,Deposits,CrossBorder Expansion,AWS Redshift,27/07/2024,1554.39
Fintech,Pocket,Lending Scoring,GCP Cloud Run,28/07/2024,330.0
Retail,Delivery,Seller Onboarding 2.0,Kubernetes (GKE),28/07/2024,854.45
Fintech,Lending,Logistics Optimization,AWS S3,28/07/2024,476.0
Retail,Promotion,Seller Onboarding 2.0,AWS S3,28/07/2024,1876.02
Retail,Platform,Pocket Growth,Kubernetes (GKE),28/07/2024,2013.68
Fintech,Transfers,Search Relevance,AWS Redshift,28/07/2024,1997.31
Retail,Delivery,Pocket Growth,Kubernetes (GKE),28/07/2024,2585.97
Retail,Advertisement,Shipping Automation,AWS EC2,29/07/2024,337.45
Retail,Delivery,Seller Onboarding 2.0,AWS EC2,29/07/2024,95.88
Retail,Advertisement,Lending Scoring,GCP BigQuery,29/07/2024,726.94
Fintech,Deposits,Search Relevance,AWS Redshift,29/07/2024,1980.96
Retail,Advertisement,Pocket Growth,AWS EC2,30/07/2024,2038.16
Fintech,Deposits,Checkout Revamp,GCP Cloud Storage,30/07/2024,495.52
Fintech,Deposits,CrossBorder Expansion,AWS EC2,30/07/2024,3368.97
Retail,Promotion,Lending Scoring,AWS Redshift,30/07/2024,1182.79
Retail,Delivery,Fraud Shield,Kubernetes (GKE),30/07/2024,2227.64
Retail,Services,Lending Scoring,AWS S3,31/07/2024,773.04
Fintech,Pocket,CrossBorder Expansion,Azure Data Lake,31/07/2024,791.2
Fintech,Pocket,Lending Scoring,Azure Data Lake,31/07/2024,2009.31
Fintech,Lending,Pocket Growth,AWS Lambda,31/07/2024,692.99
Fintech,Pocket,CrossBorder Expansion,AWS S3,31/07/2024,1974.81
Retail,Platform,Fraud Shield,Kubernetes (GKE),31/07/2024,1152.51
Retail,Advertisement,Pocket Growth,GCP BigQuery,31/07/2024,839.58
Retail,Delivery,Seller Onboarding 2.0,AWS Redshift,01/08/2024,290.54
Retail,Delivery,Pocket Growth,Kubernetes (GKE),01/08/2024,1549.12
Retail,Advertisement,Seller Onboarding 2.0,GCP BigQuery,01/08/2024,434.84
Fintech,Transfers,Fraud Shield,AWS Redshift,01/08/2024,2209.64
Retail,Delivery,Fraud Shield,AWS Redshift,01/08/2024,1616.13
Retail,Advertisement,Pocket Growth,GCP BigQuery,02/08/2024,754.31
Retail,Services,Search Relevance,GCP Cloud Storage,02/08/2024,1527.35
Fintech,Transfers,Search Relevance,GCP BigQuery,02/08/2024,546.0
Fintech,Deposits,Pocket Growth,Kubernetes (GKE),02/08/2024,2015.97
Fintech,Deposits,Logistics Optimization,AWS EC2,03/08/2024,1005.53
Fintech,Pocket,Ad Targeting,Azure Data Lake,03/08/2024,170.31
Fintech,Deposits,Fraud Shield,AWS EC2,03/08/2024,1336.87
Fintech,Bank account,CrossBorder Expansion,GCP Cloud Storage,03/08/2024,1875.27
Fintech,Deposits,Fraud Shield,Kubernetes (GKE),03/08/2024,85.77
Retail,Platform,Pocket Growth,Kubernetes (GKE),04/08/2024,1497.53
Retail,Promotion,Seller Onboarding 2.0,AWS S3,04/08/2024,1907.81
Retail,Advertisement,Logistics Optimization,AWS EC2,04/08/2024,1305.21
Retail,Promotion,Lending Scoring,AWS S3,04/08/2024,778.97
Retail,Services,Fraud Shield,GCP Cloud Storage,05/08/2024,1695.81
Retail,Promotion,Shipping Automation,GCP Cloud Storage,05/08/2024,758.85
Retail,Delivery,Fraud Shield,Kubernetes (GKE),05/08/2024,1844.14
Fintech,Bank account,CrossBorder Expansion,GCP Cloud Storage,05/08/2024,1790.74
Retail,Services,Seller Onboarding 2.0,AWS Lambda,05/08/2024,1297.9
Retail,Promotion,CrossBorder Expansion,AWS Redshift,06/08/2024,1565.53
Retail,Promotion,Shipping Automation,AWS Redshift,06/08/2024,989.13
Fintech,Lending,Logistics Optimization,AWS Redshift,06/08/2024,797.53
Retail,Delivery,Pocket Growth,AWS EC2,6 de agosto de 2024,1947.63
Retail,Promotion,CrossBorder Expansion,GCP Cloud Storage,06/08/2024,1722.33
Retail,Platform,Search Relevance,AWS S3,07/08/2024,1024.85
Retail,Advertisement,Logistics Optimization,Databricks,07/08/2024,148.05
Fintech,Deposits,Checkout Revamp,GCP Cloud Storage,07/08/2024,480.39
Fintech,Transfers,Fraud Shield,GCP Cloud Run,07/08/2024,771.64
Fintech,Lending,CrossBorder Expansion,Databricks,08/08/2024,1113.61
Fintech,Pocket,CrossBorder Expansion,GCP Cloud Run,08/08/2024,224.9
Fintech,Pocket,Ad Targeting,AWS S3,08/08/2024,513.59
Retail,Promotion,Lending Scoring,AWS S3,08/08/2024,907.69
Retail,Advertisement,Shipping Automation,Databricks,08/08/2024,205.46
Retail,Platform,Search Relevance,AWS S3,10/08/2024,933.8
Fintech,Deposits,Search Relevance,Kubernetes (GKE),10/08/2024,1085.09
Fintech,Bank account,Shipping Automation,AWS S3,10/08/2024,1108.41
Retail,Platform,Fraud Shield,AWS S3,10/08/2024,394.83
Fintech,Bank account,Lending Scoring,Azure Data Lake,10/08/2024,1669.93
Fintech,Bank account,Lending Scoring,Kubernetes (GKE),10/08/2024,202.77
Retail,Services,Ad Targeting,AWS Lambda,11/08/2024,90.0
Fintech,Pocket,Lending Scoring,AWS Lambda,11/08/2024,1033.65
Fintech,Transfers,Search Relevance,GCP Cloud Run,11/08/2024,807.45
Fintech,Lending,Logistics Optimization,AWS S3,11/08/2024,353.32
Fintech,Transfers,Fraud Shield,AWS S3,11/08/2024,396.58
Fintech,Pocket,Lending Scoring,AWS S3,12/08/2024,601.63
Fintech,Deposits,Search Relevance,AWS Redshift,12/08/2024,2617.36
Retail,Services,Checkout Revamp,AWS Lambda,12/08/2024,1497.26
Fintech,Deposits,CrossBorder Expansion,Databricks,12/08/2024,1257.09
Retail,Delivery,CrossBorder Expansion,AWS Redshift,13/08/2024,1826.01
Fintech,Transfers,Fraud Shield,GCP BigQuery,13/08/2024,2243.6
Fintech,Deposits,CrossBorder Expansion,Databricks,13/08/2024,557.33
Fintech,Deposits,Search Relevance,AWS Redshift,13/08/2024,1884.15
Retail,Advertisement,Logistics Optimization,GCP BigQuery,13/08/2024,990.15
Fintech,Deposits,Logistics Optimization,AWS Lambda,13/08/2024,608.27
Fintech,Transfers,Search Relevance,AWS S3,14/08/2024,1020.81
Fintech,Lending,CrossBorder Expansion,AWS Redshift,14/08/2024,2359.6
Fintech,Bank account,Pocket Growth,Azure Data Lake,14/08/2024,1202.7
Fintech,Transfers,Fraud Shield,AWS S3,14/08/2024,424.68
Fintech,Transfers,Fraud Shield,GCP BigQuery,15/08/2024,4421.82
Retail,Advertisement,Logistics Optimization,AWS EC2,15/08/2024,1350.96
Fintech,Bank account,Pocket Growth,Kubernetes (GKE),15/08/2024,1874.39
Retail,Promotion,Lending Scoring,GCP Cloud Storage,15/08/2024,1441.18
Fintech,Bank account,Pocket Growth,Kubernetes (GKE),16/08/2024,2369.24
Fintech,Transfers,Search Relevance,GCP Cloud Run,16/08/2024,1004.39
Fintech,Transfers,Search Relevance,GCP BigQuery,16/08/2024,682.35
Fintech,Bank account,Shipping Automation,GCP Cloud Storage,16/08/2024,1128.24
Fintech,Lending,CrossBorder Expansion,AWS Lambda,16 de agosto de 2024,1895.43
Retail,Delivery,CrossBorder Expansion,AWS Redshift,16/08/2024,2113.26
Fintech,Deposits,Logistics Optimization,Databricks,17/08/2024,198.47
Fintech,Bank account,Seller Onboarding 2.0,AWS EC2,17/08/2024,90.34
Fintech,Pocket,Fraud Shield,GCP BigQuery,17/08/2024,1475.44
Fintech,Lending,Shipping Automation,AWS Lambda,17/08/2024,1515.66
Fintech,Lending,Logistics Optimization,AWS S3,17/08/2024,1022.7
Retail,Services,Checkout Revamp,AWS Lambda,17/08/2024,1551.98
Fintech,Pocket,Lending Scoring,Azure Data Lake,17/08/2024,1993.94
Fintech,Deposits,Checkout Revamp,GCP Cloud Storage,18/08/2024,544.63
Retail,Platform,Fraud Shield,AWS Lambda,18/08/2024,167.88
Retail,Promotion,Ad Targeting,AWS Redshift,18/08/2024,1623.59
Retail,Delivery,Search Relevance,AWS Redshift,18/08/2024,2013.26
Retail,Advertisement,Logistics Optimization,AWS EC2,18/08/2024,1042.72
Fintech,Bank account,Seller Onboarding 2.0,GCP Cloud Storage,18/08/2024,639.5
Fintech,Lending,CrossBorder Expansion,AWS Redshift,18/08/2024,2257.68
Fintech,Deposits,CrossBorder Expansion,Kubernetes (GKE),19/08/2024,199.67
Fintech,Bank account,Seller Onboarding 2.0,GCP Cloud Storage,19/08/2024,434.45
Fintech,Bank account,CrossBorder Expansion,GCP Cloud Storage,19/08/2024,1737.03
Retail,Delivery,Seller Onboarding 2.0,AWS Redshift,19/08/2024,466.08
Fintech,Transfers,Fraud Shield,GCP Cloud Run,19/08/2024,686.32
Retail,Advertisement,Lending Scoring,AWS EC2,19/08/2024,1015.53
Retail,Delivery,Search Relevance,AWS Redshift,20/08/2024,2570.68
Fintech,Pocket,Fraud Shield,AWS S3,20/08/2024,360.22
Fintech,Transfers,Fraud Shield,AWS S3,20/08/2024,407.1
Retail,Platform,Fraud Shield,AWS S3,20/08/2024,452.18
Fintech,Transfers,Fraud Shield,AWS Redshift,21 de agosto de 2024,2779.52
Fintech,Lending,Fraud Shield,AWS S3,21/08/2024,510.5
Fintech,Pocket,Ad Targeting,GCP BigQuery,21/08/2024,1638.38
Retail,Services,Ad Targeting,GCP BigQuery,21 de agosto de 2024,1205.11
Fintech,Deposits,Search Relevance,GCP Cloud Storage,21/08/2024,1531.08
Fintech,Transfers,Search Relevance,AWS Redshift,22/08/2024,1824.95
Fintech,Transfers,Seller Onboarding 2.0,AWS Redshift,22/08/2024,860.54
Fintech,Bank account,Lending Scoring,AWS S3,22/08/2024,732.89
Retail,Delivery,Fraud Shield,AWS Redshift,22/08/2024,2049.7
Retail,Platform,Pocket Growth,AWS S3,23/08/2024,1453.01
Retail,Advertisement,Lending Scoring,Databricks,23/08/2024,2202.46
Retail,Promotion,Seller Onboarding 2.0,GCP Cloud Storage,23/08/2024,456.25
Retail,Delivery,Search Relevance,AWS Redshift,23/08/2024,2320.71
Fintech,Pocket,Fraud Shield,AWS S3,23/08/2024,421.39
Fintech,Lending,Shipping Automation,AWS Lambda,24/08/2024,892.51
Retail,Advertisement,Logistics Optimization,AWS EC2,24/08/2024,851.04
Fintech,Deposits,CrossBorder Expansion,GCP Cloud Storage,24/08/2024,1717.9
Retail,Services,Search Relevance,GCP BigQuery,24/08/2024,500.41
Fintech,Deposits,Pocket Growth,AWS Lambda,24 de agosto de 2024,490.86
Fintech,Deposits,Pocket Growth,GCP Cloud Storage,24/08/2024,511.81
Retail,Services,Fraud Shield,AWS S3,24/08/2024,373.29
Retail,Platform,Fraud Shield,AWS Lambda,25/08/2024,183.96
Fintech,Lending,CrossBorder Expansion,AWS Lambda,25/08/2024,2251.65
Retail,Services,Checkout Revamp,AWS S3,25/08/2024,2694.83
Fintech,Lending,CrossBorder Expansion,AWS Redshift,25/08/2024,1640.58
Retail,Delivery,CrossBorder Expansion,AWS Redshift,25/08/2024,1770.59
Retail,Platform,Pocket Growth,AWS S3,25/08/2024,1150.42
Fintech,Bank account,Shipping Automation,Kubernetes (GKE),26/08/2024,132.54
Fintech,Deposits,Checkout Revamp,AWS EC2,26/08/2024,917.14
Retail,Services,Seller Onboarding 2.0,AWS S3,26/08/2024,2043.2
Fintech,Transfers,Search Relevance,GCP Cloud Run,26/08/2024,1249.59
Fintech,Pocket,Fraud Shield,GCP Cloud Run,27/08/2024,687.22
Fintech,Lending,Shipping Automation,AWS S3,27/08/2024,2169.22
Retail,Delivery,Checkout Revamp,AWS EC2,27/08/2024,891.19
Fintech,Pocket,Fraud Shield,AWS S3,27/08/2024,335.54
Fintech,Deposits,Search Relevance,AWS Redshift,27/08/2024,1766.65
Retail,Promotion,Shipping Automation,GCP Cloud Storage,27/08/2024,1413.75
Fintech,Transfers,Seller Onboarding 2.0,AWS S3,28/08/2024,1914.13
Retail,Advertisement,Seller Onboarding 2.0,AWS EC2,28/08/2024,110.52
Retail,Delivery,CrossBorder Expansion,Kubernetes (GKE),28/08/2024,181.48
Retail,Platform,Fraud Shield,Kubernetes (GKE),28/08/2024,1671.1
Fintech,Pocket,CrossBorder Expansion,GCP BigQuery,28/08/2024,1105.03
Fintech,Deposits,Checkout Revamp,Databricks,28/08/2024,1693.7
Retail,Advertisement,Seller Onboarding 2.0,GCP BigQuery,28/08/2024,333.85
Retail,Services,Seller Onboarding 2.0,AWS Lambda,29/08/2024,2481.68
Retail,Promotion,Search Relevance,AWS Redshift,29/08/2024,2055.56
Fintech,Transfers,Search Relevance,GCP BigQuery,29/08/2024,652.75
Fintech,Lending,Pocket Growth,Databricks,29/08/2024,1087.78
Retail,Services,Lending Scoring,AWS S3,29/08/2024,618.9
Retail,Promotion,Lending Scoring,AWS S3,29/08/2024,606.66
Retail,Services,Ad Targeting,GCP BigQuery,30/08/2024,1330.82
Fintech,Bank account,Seller Onboarding 2.0,AWS S3,30/08/2024,2205.59
Fintech,Transfers,Seller Onboarding 2.0,AWS S3,30/08/2024,1982.15
Fintech,Transfers,Seller Onboarding 2.0,AWS Redshift,30/08/2024,335.93
Retail,Services,Fraud Shield,AWS S3,30/08/2024,472.06
Fintech,Deposits,Search Relevance,AWS EC2,30/08/2024,453.03
Retail,Platform,Search Relevance,Kubernetes (GKE),30/08/2024,1214.53
Fintech,Deposits,Pocket Growth,AWS Lambda,31/08/2024,799.29
Fintech,Bank account,Lending Scoring,AWS EC2,31/08/2024,582.26
Retail,Promotion,Seller Onboarding 2.0,GCP Cloud Storage,31/08/2024,779.78
Fintech,Pocket,CrossBorder Expansion,GCP Cloud Run,31/08/2024,232.11
Fintech,Deposits,Search Relevance,Kubernetes (GKE),1 de septiembre de 2024,1066.91
Retail,Services,Search Relevance,AWS S3,01/09/2024,1046.34
Fintech,Transfers,Seller Onboarding 2.0,GCP Cloud Run,01/09/2024,509.46
Retail,Services,Checkout Revamp,GCP BigQuery,01/09/2024,431.87
Fintech,Transfers,Fraud Shield,AWS S3,01/09/2024,443.92
Retail,Advertisement,Seller Onboarding 2.0,Databricks,01/09/2024,653.4
Retail,Promotion,Seller Onboarding 2.0,AWS S3,01/09/2024,1620.59
Fintech,Pocket,Lending Scoring,AWS Lambda,02/09/2024,1448.16
Fintech,Bank account,Lending Scoring,Azure Data Lake,02/09/2024,1928.42
Fintech,Transfers,Fraud Shield,GCP Cloud Run,02/09/2024,769.95
Retail,Platform,Search Relevance,Kubernetes (GKE),02/09/2024,1213.24
Fintech,Lending,Pocket Growth,Databricks,02/09/2024,1042.98
Retail,Delivery,Seller Onboarding 2.0,Kubernetes (GKE),02/09/2024,993.9
Fintech,Bank account,CrossBorder Expansion,AWS EC2,03/09/2024,2298.0
Retail,Services,Fraud Shield,AWS Lambda,03/09/2024,188.62
Retail,Delivery,Fraud Shield,AWS EC2,03/09/2024,1656.86
Retail,Advertisement,Pocket Growth,GCP BigQuery,03/09/2024,670.15
Retail,Services,Seller Onboarding 2.0,GCP BigQuery,03/09/2024,319.68
Retail,Delivery,Checkout Revamp,AWS Redshift,03/09/2024,1175.68
Retail,Advertisement,Logistics Optimization,Databricks,04/09/2024,158.04
Retail,Promotion,Shipping Automation,GCP Cloud Storage,04/09/2024,980.99
Fintech,Transfers,Fraud Shield,GCP BigQuery,04/09/2024,2475.38
Retail,Promotion,Shipping Automation,GCP Cloud Storage,04/09/2024,893.51
Fintech,Lending,Shipping Automation,AWS Redshift,04/09/2024,1261.6
Fintech,Lending,Pocket Growth,Databricks,04/09/2024,1234.9
Retail,Delivery,Pocket Growth,AWS Redshift,05/09/2024,210.75
Fintech,Pocket,CrossBorder Expansion,AWS S3,05/09/2024,1507.44
Retail,Services,Checkout Revamp,AWS Lambda,05/09/2024,1835.98
Retail,Platform,Fraud Shield,AWS S3,05/09/2024,457.07
Retail,Platform,Search Relevance,AWS S3,06/09/2024,1407.95
Fintech,Lending,Logistics Optimization,Databricks,06/09/2024,235.41
Fintech,Deposits,Fraud Shield,AWS Lambda,06/09/2024,1405.06
Fintech,Lending,CrossBorder Expansion,AWS Lambda,06/09/2024,1683.35
Fintech,Bank account,Pocket Growth,Kubernetes (GKE),06/09/2024,1491.25
Retail,Promotion,Ad Targeting,AWS Redshift,06/09/2024,1656.82
Fintech,Transfers,Fraud Shield,GCP BigQuery,07/09/2024,1921.65
Fintech,Transfers,Seller Onboarding 2.0,AWS Redshift,07/09/2024,600.5
Retail,Promotion,CrossBorder Expansion,AWS Redshift,07/09/2024,1962.49
Fintech,Deposits,Checkout Revamp,AWS Lambda,07/09/2024,1556.34
Retail,Services,Checkout Revamp,AWS Lambda,7 de septiembre de 2024,1434.38
Fintech,Pocket,CrossBorder Expansion,GCP Cloud Run,07/09/2024,311.93
Fintech,Bank account,Pocket Growth,Azure Data Lake,08/09/2024,1388.68
Fintech,Transfers,Fraud Shield,AWS S3,08/09/2024,440.73
Retail,Platform,Pocket Growth,Kubernetes (GKE),08/09/2024,1725.13
Fintech,Transfers,Seller Onboarding 2.0,GCP Cloud Run,08/09/2024,407.56
Retail,Platform,Pocket Growth,AWS S3,08/09/2024,1513.89
Retail,Services,Seller Onboarding 2.0,AWS S3,08/09/2024,2419.95
Fintech,Pocket,Lending Scoring,GCP Cloud Run,09/09/2024,432.6
Fintech,Deposits,Logistics Optimization,Databricks,09/09/2024,148.08
Fintech,Deposits,Fraud Shield,AWS Lambda,09/09/2024,218.06
Retail,Platform,Pocket Growth,AWS Lambda,09/09/2024,836.62
Retail,Promotion,Ad Targeting,GCP Cloud Storage,09/09/2024,1819.89
Fintech,Pocket,Lending Scoring,AWS Lambda,9 de septiembre de 2024,1121.55
Retail,Promotion,CrossBorder Expansion,AWS Redshift,09/09/2024,2213.28
Fintech,Lending,Fraud Shield,AWS Lambda,10/09/2024,235.37
Retail,Advertisement,Seller Onboarding 2.0,AWS EC2,10/09/2024,134.23
Retail,Promotion,Seller Onboarding 2.0,GCP Cloud Storage,10/09/2024,638.32
Retail,Promotion,Lending Scoring,AWS S3,10/09/2024,794.85
Retail,Delivery,Fraud Shield,Kubernetes (GKE),10/09/2024,1838.17
Retail,Advertisement,Lending Scoring,AWS EC2,10/09/2024,810.42
Retail,Platform,Search Relevance,AWS S3,11/09/2024,950.05
Retail,Services,Ad Targeting,GCP BigQuery,11/09/2024,986.48
Fintech,Bank account,Lending Scoring,AWS EC2,11/09/2024,681.09
Fintech,Deposits,CrossBorder Expansion,Kubernetes (GKE),11 de septiembre de 2024,166.25
Fintech,Transfers,Seller Onboarding 2.0,AWS S3,11/09/2024,1941.96
Fintech,Lending,Pocket Growth,AWS Lambda,12 de septiembre de 2024,749.74
Fintech,Transfers,Seller Onboarding 2.0,AWS Redshift,12/09/2024,958.23
Retail,Promotion,Lending Scoring,GCP Cloud Storage,12/09/2024,991.69
Retail,Services,Lending Scoring,GCP BigQuery,12/09/2024,600.53
Retail,Advertisement,Lending Scoring,AWS EC2,13/09/2024,800.78
Retail,Platform,Pocket Growth,AWS S3,13/09/2024,1567.89
Retail,Services,Search Relevance,AWS S3,13/09/2024,1133.62
Fintech,Lending,Logistics Optimization,AWS Redshift,13/09/2024,854.12
Fintech,Transfers,Search Relevance,AWS Redshift,13/09/2024,2379.04
Retail,Promotion,Shipping Automation,GCP Cloud Storage,13/09/2024,1155.57
Retail,Services,Seller Onboarding 2.0,AWS S3,13/09/2024,2148.92
Retail,Promotion,CrossBorder Expansion,AWS S3,14/09/2024,1637.49
Fintech,Transfers,Fraud Shield,GCP Cloud Run,14/09/2024,553.83
Retail,Services,Lending Scoring,AWS Lambda,14/09/2024,1936.43
Retail,Promotion,Seller Onboarding 2.0,AWS Redshift,14/09/2024,502.46
Fintech,Transfers,Fraud Shield,GCP Cloud Run,14/09/2024,1109.56
Retail,Promotion,Ad Targeting,GCP Cloud Storage,14/09/2024,1392.34
Retail,Delivery,Search Relevance,Kubernetes (GKE),15/09/2024,1320.12
Fintech,Pocket,CrossBorder Expansion,Azure Data Lake,15/09/2024,266.96
Fintech,Pocket,Ad Targeting,AWS Lambda,15/09/2024,73.16
Fintech,Deposits,Search Relevance,AWS Lambda,15/09/2024,116.4
Retail,Advertisement,Pocket Growth,AWS EC2,15/09/2024,1929.71
Retail,Services,Seller Onboarding 2.0,AWS S3,15/09/2024,1750.13
Fintech,Bank account,Shipping Automation,Kubernetes (GKE),15/09/2024,144.96
Retail,Promotion,Ad Targeting,GCP Cloud Storage,16/09/2024,1678.42
Retail,Advertisement,Pocket Growth,Databricks,16/09/2024,720.49
Fintech,Pocket,Ad Targeting,GCP BigQuery,16 de septiembre de 2024,1750.4
Fintech,Lending,Pocket Growth,AWS S3,16/09/2024,1475.6
Fintech,Deposits,Search Relevance,GCP Cloud Storage,16/09/2024,1644.26
Fintech,Lending,Fraud Shield,Databricks,16/09/2024,648.25
Retail,Delivery,Search Relevance,AWS EC2,16/09/2024,254.6
Fintech,Lending,Shipping Automation,AWS Lambda,17/09/2024,2314.97
Fintech,Deposits,Logistics Optimization,Kubernetes (GKE),17/09/2024,1240.29
Retail,Platform,Fraud Shield,AWS S3,17/09/2024,467.74
Retail,Platform,Search Relevance,AWS Lambda,17/09/2024,145.9
Retail,Advertisement,Seller Onboarding 2.0,Databricks,17/09/2024,912.75
Retail,Promotion,Shipping Automation,AWS S3,17/09/2024,1972.1
Fintech,Pocket,Ad Targeting,AWS Lambda,17/09/2024,103.25
Fintech,Pocket,Ad Targeting,AWS S3,18/09/2024,532.21
Retail,Services,Seller Onboarding 2.0,AWS Lambda,18/09/2024,1894.42
Fintech,Bank account,CrossBorder Expansion,AWS EC2,18/09/2024,2832.47
Fintech,Transfers,Search Relevance,GCP BigQuery,18 de septiembre de 2024,525.96
Fintech,Lending,Logistics Optimization,Databricks,19/09/2024,140.15
Retail,Advertisement,Shipping Automation,AWS EC2,19/09/2024,391.33
Retail,Platform,Pocket Growth,AWS S3,19/09/2024,1192.02
Fintech,Lending,Logistics Optimization,AWS Redshift,19/09/2024,890.6
Retail,Promotion,Shipping Automation,GCP Cloud Storage,19/09/2024,1125.62
Retail,Platform,Fraud Shield,AWS S3,20/09/2024,431.22
Fintech,Lending,Shipping Automation,AWS Redshift,20/09/2024,1234.22
Retail,Delivery,Seller Onboarding 2.0,AWS Redshift,20/09/2024,532.26
Fintech,Deposits,Pocket Growth,GCP Cloud Storage,20/09/2024,706.15
Fintech,Deposits,Fraud Shield,AWS Redshift,20/09/2024,2175.27
Retail,Advertisement,Pocket Growth,AWS EC2,21/09/2024,1706.37
Fintech,Transfers,Seller Onboarding 2.0,GCP BigQuery,21/09/2024,440.58
Retail,Advertisement,Seller Onboarding 2.0,AWS EC2,21/09/2024,130.22
Fintech,Deposits,Search Relevance,Kubernetes (GKE),21/09/2024,1067.91
Fintech,Pocket,Lending Scoring,GCP BigQuery,21/09/2024,552.7
Retail,Services,Ad Targeting,AWS Lambda,22/09/2024,77.43
Fintech,Bank account,Lending Scoring,GCP Cloud Run,22/09/2024,361.09
Fintech,Transfers,Seller Onboarding 2.0,AWS Redshift,22/09/2024,634.8
Fintech,Transfers,Seller Onboarding 2.0,AWS Redshift,22/09/2024,328.04
Fintech,Lending,Fraud Shield,AWS Lambda,22/09/2024,197.12
Retail,Delivery,CrossBorder Expansion,AWS EC2,23/09/2024,17125.85
Retail,Platform,Pocket Growth,AWS Lambda,23/09/2024,517.42
Fintech,Pocket,CrossBorder Expansion,AWS Lambda,23/09/2024,2167.22
Fintech,Deposits,Pocket Growth,Kubernetes (GKE),23/09/2024,2701.81
Retail,Platform,Search Relevance,AWS S3,23/09/2024,947.7
Fintech,Pocket,CrossBorder Expansion,Azure Data Lake,23/09/2024,501.38
Fintech,Bank account,Pocket Growth,GCP Cloud Run,23/09/2024,1422.7
Retail,Platform,Pocket Growth,Kubernetes (GKE),24/09/2024,1574.42
Retail,Services,Ad Targeting,GCP Cloud Storage,24/09/2024,1895.31
Retail,Advertisement,Lending Scoring,GCP BigQuery,24/09/2024,684.43
Retail,Platform,Search Relevance,AWS S3,24/09/2024,1263.08
Fintech,Lending,CrossBorder Expansion,AWS Redshift,24/09/2024,2247.33
Fintech,Bank account,Pocket Growth,AWS S3,24/09/2024,1509.38
Retail,Platform,Search Relevance,Kubernetes (GKE),25/09/2024,1410.2
Retail,Platform,Pocket Growth,AWS Lambda,25/09/2024,833.12
Retail,Advertisement,Lending Scoring,AWS EC2,25/09/2024,782.23
Fintech,Transfers,Fraud Shield,AWS S3,25/09/2024,482.21
Fintech,Lending,Logistics Optimization,AWS Redshift,26/09/2024,782.86
Fintech,Lending,CrossBorder Expansion,AWS Redshift,26/09/2024,1789.79
Retail,Delivery,Search Relevance,AWS Redshift,26/09/2024,1465.37
Retail,Services,Checkout Revamp,GCP Cloud Storage,26/09/2024,407.87
Fintech,Lending,Shipping Automation,Databricks,27/09/2024,319.35
Retail,Advertisement,Seller Onboarding 2.0,GCP BigQuery,27/09/2024,418.05
Fintech,Deposits,CrossBorder Expansion,AWS EC2,27/09/2024,2736.04
Fintech,Bank account,Seller Onboarding 2.0,AWS S3,27/09/2024,1655.67
Retail,Platform,Fraud Shield,AWS S3,27/09/2024,451.66
Retail,Services,Fraud Shield,AWS S3,27/09/2024,470.25
Retail,Advertisement,Seller Onboarding 2.0,Databricks,27/09/2024,546.84
Retail,Advertisement,Pocket Growth,AWS EC2,28/09/2024,1474.08
Fintech,Lending,CrossBorder Expansion,AWS S3,28/09/2024,1524.27
Fintech,Bank account,Pocket Growth,AWS S3,28/09/2024,1334.6
Retail,Delivery,Seller Onboarding 2.0,Kubernetes (GKE),28/09/2024,656.25
Fintech,Lending,Pocket Growth,AWS S3,28/09/2024,1171.72
Retail,Promotion,Search Relevance,AWS Redshift,29/09/2024,1665.79
Fintech,Lending,Fraud Shield,Databricks,29/09/2024,1306.78
Fintech,Lending,Fraud Shield,Databricks,29/09/2024,862.71
Fintech,Bank account,Lending Scoring,GCP Cloud Run,29/09/2024,354.74
Fintech,Transfers,Seller Onboarding 2.0,GCP Cloud Run,29/09/2024,522.55
Fintech,Transfers,Seller Onboarding 2.0,GCP BigQuery,30/09/2024,556.14
Fintech,Lending,Logistics Optimization,AWS Lambda,30/09/2024,847.83
Retail,Advertisement,Logistics Optimization,GCP BigQuery,30/09/2024,1091.11
Fintech,Transfers,Seller Onboarding 2.0,AWS Redshift,30/09/2024,449.5
Fintech,Pocket,Fraud Shield,AWS S3,30/09/2024,515.61
Retail,Delivery,Search Relevance,AWS EC2,30/09/2024,417.64
Fintech,Lending,CrossBorder Expansion,Databricks,01/10/2024,750.2
Retail,Delivery,Pocket Growth,AWS Redshift,01/10/2024,225.03
Fintech,Transfers,Fraud Shield,AWS S3,01/10/2024,405.64
Retail,Advertisement,Shipping Automation,AWS EC2,01/10/2024,365.63
Fintech,Lending,Logistics Optimization,Databricks,01/10/2024,163.13
Fintech,Transfers,Search Relevance,AWS S3,01/10/2024,1239.35
Fintech,Pocket,Ad Targeting,AWS S3,02/10/2024,513.32
Fintech,Bank account,Pocket Growth,Azure Data Lake,02/10/2024,1770.19
Fintech,Transfers,Seller Onboarding 2.0,AWS S3,02/10/2024,10647.81
Retail,Services,Checkout Revamp,AWS Lambda,02/10/2024,1680.25
Fintech,Deposits,Fraud Shield,AWS Redshift,02/10/2024,2128.62
Retail,Delivery,Fraud Shield,Kubernetes (GKE),02/10/2024,1313.31
Fintech,Pocket,CrossBorder Expansion,GCP BigQuery,02/10/2024,1919.35
Retail,Advertisement,Pocket Growth,Databricks,03/10/2024,1036.56
Retail,Platform,Fraud Shield,Kubernetes (GKE),03/10/2024,1123.71
Retail,Services,Fraud Shield,AWS S3,03/10/2024,560.77
Fintech,Lending,Pocket Growth,AWS Lambda,03/10/2024,471.18
Fintech,Transfers,Fraud Shield,AWS Redshift,04/10/2024,2346.68
Retail,Delivery,Fraud Shield,AWS Redshift,04/10/2024,1790.21
Retail,Delivery,Search Relevance,AWS EC2,04/10/2024,394.68
Retail,Advertisement,Shipping Automation,AWS EC2,04/10/2024,339.86
Fintech,Deposits,Logistics Optimization,Databricks,04/10/2024,129.33
Fintech,Lending,Pocket Growth,AWS Lambda,05/10/2024,960.98
Retail,Promotion,CrossBorder Expansion,AWS S3,05/10/2024,1687.51
Retail,Services,Seller Onboarding 2.0,AWS S3,05/10/2024,1995.03
Retail,Delivery,Seller Onboarding 2.0,Kubernetes (GKE),05/10/2024,779.76
Fintech,Transfers,Seller Onboarding 2.0,GCP Cloud Run,05/10/2024,507.17
Retail,Services,Seller Onboarding 2.0,GCP BigQuery,05/10/2024,319.6
Retail,Services,Lending Scoring,AWS S3,06/10/2024,394.48
Retail,Advertisement,Shipping Automation,Databricks,06/10/2024,243.35
Fintech,Pocket,CrossBorder Expansion,AWS S3,06/10/2024,1477.4
Fintech,Deposits,Logistics Optimization,AWS Redshift,6 de octubre de 2024,915.11
Fintech,Deposits,Pocket Growth,AWS EC2,6 de octubre de 2024,1952.27
Fintech,Deposits,CrossBorder Expansion,AWS EC2,06/10/2024,1077.33
Retail,Advertisement,Shipping Automation,Databricks,07/10/2024,195.85
Fintech,Deposits,Logistics Optimization,AWS EC2,07/10/2024,1658.34
Retail,Promotion,CrossBorder Expansion,AWS Redshift,07/10/2024,2050.62
Retail,Delivery,Pocket Growth,AWS EC2,07/10/2024,2171.55
Retail,Services,Fraud Shield,GCP BigQuery,08/10/2024,2072.52
Fintech,Bank account,Seller Onboarding 2.0,Azure Data Lake,08/10/2024,1429.99
Retail,Advertisement,Seller Onboarding 2.0,AWS EC2,08/10/2024,136.8
Fintech,Bank account,CrossBorder Expansion,AWS EC2,08/10/2024,1755.78
Fintech,Pocket,Ad Targeting,GCP BigQuery,08/10/2024,2046.1
Retail,Delivery,Seller Onboarding 2.0,Kubernetes (GKE),8 de octubre de 2024,815.14
Retail,Delivery,CrossBorder Expansion,Kubernetes (GKE),09/10/2024,186.1
Fintech,Lending,Pocket Growth,Databricks,09/10/2024,967.96
Retail,Delivery,Pocket Growth,AWS Redshift,09/10/2024,221.59
Fintech,Lending,Pocket Growth,AWS Lambda,09/10/2024,529.06
Fintech,Transfers,Seller Onboarding 2.0,AWS Redshift,09/10/2024,562.84
Fintech,Pocket,CrossBorder Expansion,AWS Lambda,10/10/2024,1757.92
Fintech,Bank account,Lending Scoring,AWS EC2,10/10/2024,797.5
Fintech,Deposits,Fraud Shield,GCP Cloud Storage,10/10/2024,2639.85
Retail,Platform,Search Relevance,AWS Lambda,10/10/2024,183.23
Retail,Promotion,Lending Scoring,AWS S3,11/10/2024,767.95
Retail,Services,Ad Targeting,AWS S3,11/10/2024,510.58
Fintech,Lending,Shipping Automation,AWS Lambda,11/10/2024,1398.43
Retail,Delivery,Seller Onboarding 2.0,Kubernetes (GKE),11 de octubre de 2024,1041.91
Retail,Advertisement,Pocket Growth,AWS EC2,12/10/2024,2465.5
Fintech,Transfers,Search Relevance,AWS Redshift,12/10/2024,2072.12
Fintech,Transfers,Seller Onboarding 2.0,GCP BigQuery,12/10/2024,580.49
Fintech,Lending,CrossBorder Expansion,AWS S3,12/10/2024,10744.21
Retail,Advertisement,Logistics Optimization,Databricks,12/10/2024,218.03
Retail,Delivery,Seller Onboarding 2.0,AWS EC2,13/10/2024,156.55
Fintech,Lending,Logistics Optimization,Databricks,13/10/2024,188.07
Fintech,Lending,Fraud Shield,AWS Lambda,13/10/2024,210.11
Fintech,Transfers,Fraud Shield,GCP Cloud Run,13/10/2024,718.63
Retail,Services,Ad Targeting,GCP Cloud Storage,13/10/2024,1412.03
Retail,Advertisement,Logistics Optimization,GCP BigQuery,14/10/2024,1180.76
Retail,Promotion,Seller Onboarding 2.0,AWS S3,14/10/2024,1977.2
Fintech,Bank account,Shipping Automation,AWS EC2,14/10/2024,325.52
Fintech,Lending,Fraud Shield,AWS S3,14/10/2024,447.49
Fintech,Pocket,Lending Scoring,Azure Data Lake,14/10/2024,2118.35
Retail,Platform,Search Relevance,AWS S3,15/10/2024,1013.73
Retail,Delivery,Checkout Revamp,AWS Redshift,15/10/2024,1125.04
Fintech,Pocket,Ad Targeting,GCP BigQuery,15/10/2024,2344.17
Fintech,Pocket,CrossBorder Expansion,AWS S3,15/10/2024,1397.78
Fintech,Transfers,Search Relevance,AWS Redshift,15/10/2024,1987.92
Fintech,Transfers,Fraud Shield,GCP Cloud Run,15 de octubre de 2024,983.93
Retail,Services,Ad Targeting,GCP Cloud Storage,16/10/2024,1393.59
Retail,Delivery,Fraud Shield,AWS Redshift,16 de octubre de 2024,2439.15
Retail,Services,Seller Onboarding 2.0,AWS Lambda,16/10/2024,2446.96
Fintech,Deposits,Logistics Optimization,AWS Lambda,16/10/2024,580.45
Retail,Advertisement,Seller Onboarding 2.0,Databricks,16/10/2024,645.22
Fintech,Deposits,Fraud Shield,AWS Lambda,17/10/2024,258.1
Retail,Promotion,Ad Targeting,GCP Cloud Storage,17/10/2024,1715.2
Retail,Delivery,Pocket Growth,Kubernetes (GKE),17/10/2024,1664.13
Fintech,Lending,Fraud Shield,AWS S3,17 de octubre de 2024,485.06
Retail,Promotion,Seller Onboarding 2.0,AWS Redshift,17/10/2024,623.99
Retail,Delivery,Seller Onboarding 2.0,AWS Redshift,18/10/2024,404.21
Fintech,Transfers,Search Relevance,GCP BigQuery,18/10/2024,589.82
Fintech,Lending,Shipping Automation,AWS Redshift,18/10/2024,839.24
Retail,Platform,Search Relevance,AWS Lambda,18/10/2024,123.05
Retail,Services,Search Relevance,GCP Cloud Storage,18/10/2024,1634.72
Fintech,Lending,CrossBorder Expansion,Databricks,19/10/2024,758.07
Retail,Advertisement,Logistics Optimization,GCP BigQuery,19/10/2024,1036.7
Retail,Advertisement,Shipping Automation,AWS EC2,19/10/2024,306.27
Retail,Platform,Search Relevance,AWS Lambda,19 de octubre de 2024,141.48
Retail,Promotion,Search Relevance,GCP Cloud Storage,19/10/2024,1190.27
Retail,Promotion,Lending Scoring,AWS S3,19/10/2024,447.69
Fintech,Transfers,Fraud Shield,AWS S3,20/10/2024,534.59
Retail,Promotion,Lending Scoring,GCP Cloud Storage,20/10/2024,1272.43
Fintech,Lending,Fraud Shield,AWS S3,20 de octubre de 2024,518.08
Fintech,Lending,Pocket Growth,AWS S3,20/10/2024,1291.64
Fintech,Pocket,Ad Targeting,AWS Lambda,20/10/2024,446.62
Fintech,Lending,CrossBorder Expansion,AWS S3,21 de octubre de 2024,1622.61
Retail,Advertisement,Shipping Automation,GCP BigQuery,21/10/2024,1996.2
Retail,Advertisement,Logistics Optimization,GCP BigQuery,21/10/2024,972.89
Fintech,Transfers,Seller Onboarding 2.0,AWS S3,21/10/2024,1982.78
Retail,Advertisement,Lending Scoring,AWS EC2,21/10/2024,846.38
Fintech,Deposits,CrossBorder Expansion,GCP Cloud Storage,21/10/2024,2097.35
Fintech,Lending,Fraud Shield,AWS Redshift,21/10/2024,2345.47
Retail,Platform,Search Relevance,AWS S3,22/10/2024,1000.24
Retail,Services,Fraud Shield,AWS Lambda,22/10/2024,241.22
Fintech,Transfers,Seller Onboarding 2.0,AWS S3,22/10/2024,2447.92
Retail,Services,Ad Targeting,AWS S3,22/10/2024,536.35
Retail,Delivery,Checkout Revamp,AWS EC2,23/10/2024,838.1
Fintech,Transfers,Fraud Shield,AWS S3,23/10/2024,461.37
Retail,Delivery,Pocket Growth,AWS EC2,23/10/2024,2389.37
Retail,Platform,Search Relevance,AWS Lambda,23/10/2024,115.98
Retail,Services,Ad Targeting,AWS Lambda,23/10/2024,118.04
Retail,Services,Checkout Revamp,AWS Lambda,24/10/2024,1474.39
Fintech,Bank account,Pocket Growth,AWS EC2,24/10/2024,1591.94
Retail,Services,Seller Onboarding 2.0,AWS S3,24/10/2024,2290.3
Retail,Platform,Fraud Shield,Kubernetes (GKE),24/10/2024,1625.6
Retail,Services,Ad Targeting,AWS Lambda,25/10/2024,93.62
Fintech,Lending,Shipping Automation,AWS Lambda,25/10/2024,1340.7
Fintech,Pocket,CrossBorder Expansion,Azure Data Lake,25/10/2024,376.89
Retail,Promotion,Lending Scoring,AWS Redshift,25/10/2024,664.62
Fintech,Deposits,Fraud Shield,AWS Lambda,25/10/2024,245.4
Retail,Advertisement,Lending Scoring,Databricks,25/10/2024,1733.27
Retail,Platform,Fraud Shield,Kubernetes (GKE),25/10/2024,1489.77
Retail,Services,Search Relevance,GCP BigQuery,26/10/2024,763.75
Fintech,Transfers,Fraud Shield,AWS S3,26/10/2024,461.9
Retail,Advertisement,Pocket Growth,GCP BigQuery,26/10/2024,797.86
Fintech,Bank account,Pocket Growth,Azure Data Lake,26/10/2024,1070.39
Fintech,Transfers,Fraud Shield,GCP Cloud Run,27/10/2024,902.24
Fintech,Pocket,Lending Scoring,AWS Lambda,27/10/2024,1352.29
Retail,Services,Checkout Revamp,GCP Cloud Storage,27/10/2024,385.62
Fintech,Lending,Logistics Optimization,AWS S3,27/10/2024,242.26
Retail,Services,Fraud Shield,AWS S3,27 de octubre de 2024,450.42
Retail,Advertisement,Pocket Growth,Databricks,27/10/2024,1007.37
Retail,Services,Ad Targeting,AWS Lambda,27/10/2024,71.05
Retail,Services,Fraud Shield,AWS Lambda,28/10/2024,236.25
Retail,Services,Lending Scoring,AWS Lambda,28/10/2024,1568.0
Fintech,Lending,Logistics Optimization,AWS S3,28/10/2024,436.36
Retail,Services,Checkout Revamp,GCP Cloud Storage,28 de octubre de 2024,355.63
Retail,Services,Fraud Shield,GCP Cloud Storage,28/10/2024,1772.92
Fintech,Bank account,Lending Scoring,GCP Cloud Storage,28/10/2024,1335.25
Fintech,Deposits,Checkout Revamp,Databricks,29/10/2024,1877.09
Fintech,Transfers,Seller Onboarding 2.0,AWS S3,29/10/2024,2282.59
Retail,Delivery,CrossBorder Expansion,AWS Redshift,29/10/2024,1567.92
Fintech,Deposits,CrossBorder Expansion,GCP Cloud Storage,29/10/2024,1880.84
Fintech,Deposits,Search Relevance,GCP Cloud Storage,29/10/2024,1474.37
Retail,Delivery,Search Relevance,AWS EC2,30 de octubre de 2024,500.8
Retail,Advertisement,Logistics Optimization,AWS EC2,30/10/2024,978.75
Fintech,Deposits,Checkout Revamp,AWS Redshift,30/10/2024,1466.56
Fintech,Bank account,Seller Onboarding 2.0,Azure Data Lake,30/10/2024,1213.53
Retail,Delivery,Fraud Shield,AWS EC2,30/10/2024,1328.59
Retail,Platform,Fraud Shield,AWS Lambda,30 de octubre de 2024,212.11
Fintech,Bank account,Lending Scoring,Azure Data Lake,30/10/2024,1928.74
Retail,Delivery,Fraud Shield,AWS Redshift,31/10/2024,2052.3
Retail,Delivery,Checkout Revamp,AWS EC2,31/10/2024,1059.92
Retail,Promotion,Search Relevance,GCP Cloud Storage,31/10/2024,1442.95
Retail,Delivery,Pocket Growth,AWS EC2,31/10/2024,1754.9
Fintech,Deposits,Checkout Revamp,GCP Cloud Storage,31/10/2024,288.51
Fintech,Pocket,CrossBorder Expansion,AWS Lambda,31/10/2024,2190.46
Fintech,Deposits,CrossBorder Expansion,GCP Cloud Storage,01/11/2024,2161.84
Fintech,Transfers,Fraud Shield,AWS Redshift,01/11/2024,1290.74
Fintech,Transfers,Seller Onboarding 2.0,GCP BigQuery,01/11/2024,458.5
Retail,Platform,Search Relevance,Kubernetes (GKE),01/11/2024,1229.01
Fintech,Pocket,Fraud Shield,AWS S3,01/11/2024,468.86
Fintech,Bank account,Lending Scoring,GCP Cloud Run,02/11/2024,397.31
Fintech,Lending,Shipping Automation,AWS Lambda,02/11/2024,1182.02
Fintech,Bank account,Lending Scoring,Kubernetes (GKE),02/11/2024,238.78
Retail,Services,Search Relevance,GCP BigQuery,02/11/2024,532.17
Retail,Delivery,Checkout Revamp,Kubernetes (GKE),02/11/2024,1166.69
Retail,Promotion,CrossBorder Expansion,AWS Redshift,02/11/2024,1774.63
Retail,Platform,Pocket Growth,Kubernetes (GKE),02/11/2024,1296.43
Retail,Promotion,Search Relevance,GCP Cloud Storage,03/11/2024,1401.01
Retail,Services,Seller Onboarding 2.0,AWS S3,03/11/2024,1957.74
Fintech,Pocket,Lending Scoring,AWS S3,03/11/2024,755.32
Retail,Delivery,Checkout Revamp,AWS Redshift,03/11/2024,947.57
Retail,Delivery,Pocket Growth,AWS EC2,03/11/2024,1634.13
Fintech,Transfers,Fraud Shield,GCP Cloud Run,03/11/2024,598.13
Fintech,Bank account,Pocket Growth,GCP Cloud Run,03/11/2024,1185.36
Fintech,Transfers,Search Relevance,GCP Cloud Run,04/11/2024,723.5
Fintech,Transfers,Seller Onboarding 2.0,AWS Redshift,04/11/2024,447.48
Retail,Promotion,Shipping Automation,AWS S3,4 de noviembre de 2024,1897.26
Retail,Advertisement,Lending Scoring,GCP BigQuery,04/11/2024,717.21
Fintech,Lending,Shipping Automation,AWS S3,04/11/2024,1018.67
Fintech,Deposits,Pocket Growth,Databricks,04/11/2024,1123.39
Fintech,Deposits,Pocket Growth,Databricks,05/11/2024,1116.79
Retail,Services,Checkout Revamp,GCP Cloud Storage,05/11/2024,306.49
Retail,Platform,Search Relevance,AWS Lambda,05/11/2024,125.88
Retail,Advertisement,Shipping Automation,GCP BigQuery,05/11/2024,1702.46
Retail,Delivery,CrossBorder Expansion,AWS EC2,05/11/2024,1385.63
Retail,Promotion,Shipping Automation,AWS Redshift,06/11/2024,931.23
Fintech,Bank account,Lending Scoring,Azure Data Lake,06/11/2024,1705.86
Retail,Platform,Search Relevance,AWS S3,06/11/2024,1302.01
Retail,Platform,Fraud Shield,AWS Lambda,06/11/2024,232.56
Retail,Promotion,Ad Targeting,AWS Redshift,06/11/2024,1995.31
Fintech,Deposits,Fraud Shield,Kubernetes (GKE),07/11/2024,1539.55
Fintech,Transfers,Fraud Shield,GCP BigQuery,07/11/2024,2273.36
Fintech,Bank account,Shipping Automation,Kubernetes (GKE),07/11/2024,175.71
Retail,Delivery,Fraud Shield,Kubernetes (GKE),07/11/2024,1644.32
Retail,Promotion,Ad Targeting,AWS S3,07/11/2024,490.32
Fintech,Bank account,Lending Scoring,AWS S3,08/11/2024,862.24
Retail,Platform,Pocket Growth,AWS S3,08/11/2024,1467.73
Fintech,Lending,Pocket Growth,Databricks,08/11/2024,961.77
Retail,Services,Seller Onboarding 2.0,GCP BigQuery,08/11/2024,467.0
Fintech,Bank account,Seller Onboarding 2.0,GCP Cloud Storage,08/11/2024,401.22
Fintech,Pocket,Ad Targeting,GCP BigQuery,09/11/2024,1791.86
Fintech,Transfers,Fraud Shield,AWS S3,09/11/2024,364.73
Fintech,Bank account,Pocket Growth,Kubernetes (GKE),09/11/2024,2044.33
Retail,Promotion,Shipping Automation,AWS Redshift,09/11/2024,1320.66
Retail,Promotion,Ad Targeting,AWS S3,09/11/2024,509.81
Fintech,Transfers,Fraud Shield,GCP BigQuery,09/11/2024,2231.98
Fintech,Deposits,Search Relevance,Databricks,09/11/2024,496.23
Fintech,Lending,Logistics Optimization,AWS Redshift,10/11/2024,773.93
Retail,Delivery,Pocket Growth,Kubernetes (GKE),10/11/2024,2592.15
Retail,Services,Search Relevance,GCP BigQuery,10 de noviembre de 2024,600.97
Fintech,Deposits,Pocket Growth,GCP Cloud Storage,10/11/2024,761.19
Retail,Services,Seller Onboarding 2.0,AWS S3,11/11/2024,2357.81
Fintech,Deposits,CrossBorder Expansion,AWS Redshift,11/11/2024,1738.08
Retail,Platform,Fraud Shield,AWS S3,11/11/2024,570.57
Fintech,Bank account,Lending Scoring,GCP Cloud Run,11/11/2024,329.01
Retail,Advertisement,Lending Scoring,AWS EC2,12/11/2024,960.6
Retail,Delivery,Pocket Growth,AWS Redshift,12/11/2024,207.07
Retail,Platform,Fraud Shield,AWS S3,12/11/2024,464.66
Fintech,Pocket,Lending Scoring,AWS S3,12 de noviembre de 2024,605.04
Retail,Platform,Fraud Shield,Kubernetes (GKE),12/11/2024,1243.18
Fintech,Transfers,Seller Onboarding 2.0,GCP BigQuery,12/11/2024,515.6
Retail,Platform,Pocket Growth,AWS Lambda,13/11/2024,1021.02
Retail,Platform,Fraud Shield,AWS S3,13/11/2024,420.55
Retail,Delivery,Search Relevance,Kubernetes (GKE),13/11/2024,1353.8
Retail,Platform,Search Relevance,AWS Lambda,13/11/2024,169.01
Retail,Platform,Fraud Shield,Kubernetes (GKE),13/11/2024,1408.14
Retail,Platform,Pocket Growth,Kubernetes (GKE),13/11/2024,2304.73
Retail,Platform,Search Relevance,Kubernetes (GKE),13/11/2024,1262.25
Retail,Platform,Pocket Growth,AWS S3,14/11/2024,1720.99
Fintech,Bank account,Pocket Growth,GCP Cloud Storage,14/11/2024,762.13
Retail,Delivery,Pocket Growth,AWS EC2,14/11/2024,2009.2
Fintech,Deposits,Fraud Shield,AWS EC2,14/11/2024,261.81
Fintech,Pocket,Ad Targeting,GCP BigQuery,14/11/2024,1120.54
Retail,Delivery,Search Relevance,AWS Redshift,14/11/2024,2075.23
Retail,Platform,Fraud Shield,AWS S3,15/11/2024,373.55
Retail,Promotion,Ad Targeting,GCP Cloud Storage,15 de noviembre de 2024,1763.48
Retail,Promotion,Shipping Automation,GCP Cloud Storage,15/11/2024,1036.94
Fintech,Transfers,Seller Onboarding 2.0,AWS Redshift,15/11/2024,407.66
Retail,Delivery,Fraud Shield,Kubernetes (GKE),15/11/2024,1650.47
Retail,Delivery,Checkout Revamp,AWS EC2,15/11/2024,3466.07
Retail,Services,Ad Targeting,GCP Cloud Storage,15/11/2024,1803.4
Retail,Services,Ad Targeting,GCP BigQuery,16/11/2024,1395.33
Retail,Promotion,Shipping Automation,AWS S3,16/11/2024,2192.08
Retail,Platform,Search Relevance,AWS S3,16/11/2024,886.23
Fintech,Bank account,Shipping Automation,GCP Cloud Storage,16/11/2024,855.82
Retail,Services,Lending Scoring,AWS S3,16/11/2024,522.36
Fintech,Bank account,Seller Onboarding 2.0,Azure Data Lake,16/11/2024,895.08
Retail,Services,Ad Targeting,AWS S3,16/11/2024,543.36
Fintech,Deposits,Fraud Shield,Kubernetes (GKE),17/11/2024,1882.47
Fintech,Transfers,Fraud Shield,AWS S3,17/11/2024,335.67
Fintech,Deposits,CrossBorder Expansion,AWS EC2,17/11/2024,1642.34
Fintech,Pocket,Fraud Shield,Azure Data Lake,17/11/2024,325.47
Retail,Advertisement,Shipping Automation,GCP BigQuery,17/11/2024,2042.87
Fintech,Lending,Shipping Automation,AWS S3,18/11/2024,1418.25
Fintech,Bank account,CrossBorder Expansion,AWS EC2,18/11/2024,2531.54
Retail,Platform,Pocket Growth,Kubernetes (GKE),18/11/2024,8905.22
Fintech,Deposits,Fraud Shield,GCP Cloud Storage,18/11/2024,1821.22
Fintech,Deposits,Search Relevance,Databricks,18/11/2024,616.17
Fintech,Deposits,Checkout Revamp,Kubernetes (GKE),18/11/2024,1744.78
Fintech,Deposits,Fraud Shield,AWS Lambda,18/11/2024,217.6
Fintech,Lending,CrossBorder Expansion,AWS Redshift,19/11/2024,1319.33
Fintech,Transfers,Seller Onboarding 2.0,GCP BigQuery,19/11/2024,622.29
Fintech,Deposits,Search Relevance,AWS Redshift,19/11/2024,2027.53
Retail,Delivery,Checkout Revamp,AWS EC2,19/11/2024,803.95
Fintech,Lending,Shipping Automation,Databricks,19/11/2024,488.78
Fintech,Transfers,Search Relevance,AWS Redshift,19/11/2024,2326.13
Retail,Services,Fraud Shield,GCP BigQuery,20/11/2024,1478.63
Fintech,Deposits,CrossBorder Expansion,Kubernetes (GKE),20/11/2024,159.32
Fintech,Lending,Logistics Optimization,Databricks,20/11/2024,177.0
Fintech,Deposits,Search Relevance,AWS Lambda,20/11/2024,227.44
Fintech,Pocket,Ad Targeting,AWS Lambda,21/11/2024,87.0
Fintech,Pocket,Lending Scoring,GCP Cloud Run,21/11/2024,310.72
Retail,Services,Seller Onboarding 2.0,AWS Lambda,21/11/2024,2085.75
Fintech,Bank account,Pocket Growth,AWS S3,21/11/2024,1593.11
Fintech,Transfers,Fraud Shield,GCP Cloud Run,21/11/2024,544.44
Fintech,Bank account,Lending Scoring,AWS S3,21/11/2024,915.01
Retail,Promotion,Shipping Automation,GCP Cloud Storage,21/11/2024,1125.28
Retail,Platform,Fraud Shield,AWS Lambda,22/11/2024,264.1
Fintech,Pocket,Ad Targeting,GCP Cloud Run,22/11/2024,2173.07
Fintech,Bank account,Pocket Growth,GCP Cloud Storage,22/11/2024,664.02
Retail,Platform,Pocket Growth,AWS S3,22/11/2024,1405.42
Fintech,Transfers,Seller Onboarding 2.0,AWS S3,22/11/2024,2462.36
Retail,Promotion,Seller Onboarding 2.0,AWS Redshift,22/11/2024,440.78
Fintech,Pocket,Lending Scoring,AWS S3,22/11/2024,637.38
Retail,Services,Search Relevance,GCP Cloud Storage,23/11/2024,1526.84
Fintech,Deposits,Pocket Growth,Kubernetes (GKE),23/11/2024,1616.5
Retail,Advertisement,Shipping Automation,GCP BigQuery,23/11/2024,1350.5
Retail,Platform,Fraud Shield,AWS S3,23/11/2024,391.13
Fintech,Transfers,Fraud Shield,AWS S3,23/11/2024,2551.9
Fintech,Bank account,Pocket Growth,GCP Cloud Storage,23/11/2024,560.24
Fintech,Bank account,CrossBorder Expansion,GCP Cloud Run,24/11/2024,273.72
Fintech,Pocket,Fraud Shield,GCP Cloud Run,24/11/2024,515.27
Fintech,Lending,CrossBorder Expansion,AWS Redshift,24/11/2024,1830.64
Retail,Delivery,CrossBorder Expansion,Kubernetes (GKE),24 de noviembre de 2024,159.9
Retail,Platform,Search Relevance,AWS S3,24/11/2024,1002.3
Retail,Services,Search Relevance,AWS Lambda,24/11/2024,626.03
Fintech,Pocket,CrossBorder Expansion,GCP Cloud Run,25 de noviembre de 2024,194.66
Fintech,Bank account,Pocket Growth,Azure Data Lake,25/11/2024,1382.21
Fintech,Transfers,Seller Onboarding 2.0,GCP BigQuery,25/11/2024,532.97
Retail,Platform,Search Relevance,Kubernetes (GKE),25/11/2024,1311.77
Fintech,Transfers,Seller Onboarding 2.0,AWS S3,25/11/2024,2097.93
Retail,Promotion,Lending Scoring,AWS S3,25/11/2024,538.23
Fintech,Lending,CrossBorder Expansion,AWS Lambda,26/11/2024,1813.36
Fintech,Deposits,Search Relevance,GCP Cloud Storage,26/11/2024,1478.84
Fintech,Pocket,Fraud Shield,Azure Data Lake,26 de noviembre de 2024,294.61
Retail,Advertisement,Logistics Optimization,Databricks,26/11/2024,156.05
Retail,Platform,Search Relevance,AWS Lambda,26/11/2024,90.43
Fintech,Pocket,Fraud Shield,Azure Data Lake,26/11/2024,296.64
Fintech,Pocket,Fraud Shield,GCP Cloud Run,26/11/2024,784.8
Retail,Delivery,Fraud Shield,Kubernetes (GKE),27/11/2024,1976.66
Fintech,Pocket,Fraud Shield,GCP BigQuery,27/11/2024,1819.82
Retail,Delivery,Search Relevance,AWS EC2,27/11/2024,376.95
Fintech,Lending,Pocket Growth,Databricks,27/11/2024,1202.51
Fintech,Lending,Logistics Optimization,AWS Redshift,27/11/2024,793.39
Fintech,Bank account,Shipping Automation,GCP Cloud Storage,27/11/2024,1553.67
Retail,Platform,Fraud Shield,AWS Lambda,27/11/2024,199.53
Retail,Platform,Pocket Growth,Kubernetes (GKE),28/11/2024,1922.74
Retail,Promotion,Seller Onboarding 2.0,AWS S3,28/11/2024,2227.18
Fintech,Bank account,Shipping Automation,AWS EC2,28/11/2024,335.39
Retail,Advertisement,Logistics Optimization,AWS EC2,28/11/2024,887.52
Retail,Services,Search Relevance,AWS Lambda,28/11/2024,182.07
Fintech,Bank account,Pocket Growth,GCP Cloud Run,28/11/2024,2655.26
Fintech,Deposits,Fraud Shield,AWS Lambda,29/11/2024,202.09
Retail,Delivery,Fraud Shield,AWS EC2,29/11/2024,1500.04
Retail,Services,Seller Onboarding 2.0,AWS Lambda,29 de noviembre de 2024,3366.0
Fintech,Transfers,Seller Onboarding 2.0,GCP Cloud Run,29/11/2024,561.46
Retail,Promotion,CrossBorder Expansion,GCP Cloud Storage,29/11/2024,2021.44
Retail,Services,Ad Targeting,AWS Lambda,29/11/2024,111.88
Retail,Promotion,Search Relevance,GCP Cloud Storage,30/11/2024,1311.75
Retail,Platform,Pocket Growth,Kubernetes (GKE),30/11/2024,1816.68
Fintech,Pocket,Fraud Shield,AWS Lambda,30/11/2024,209.85
Fintech,Deposits,CrossBorder Expansion,Databricks,30/11/2024,920.85
Retail,Promotion,Seller Onboarding 2.0,AWS S3,30/11/2024,2425.5
Retail,Delivery,CrossBorder Expansion,AWS EC2,30/11/2024,1622.32
Retail,Platform,Pocket Growth,AWS S3,30 de noviembre de 2024,1209.11
Fintech,Transfers,Fraud Shield,AWS S3,01/12/2024,482.43
Fintech,Bank account,Lending Scoring,AWS EC2,01/12/2024,773.49
Retail,Delivery,Fraud Shield,Kubernetes (GKE),01/12/2024,2340.14
Fintech,Deposits,Fraud Shield,AWS Redshift,01/12/2024,2457.4
Fintech,Bank account,Pocket Growth,GCP Cloud Storage,01/12/2024,775.66
Retail,Services,Checkout Revamp,AWS S3,01/12/2024,2192.18
Retail,Promotion,Seller Onboarding 2.0,AWS Redshift,01/12/2024,534.64
Retail,Delivery,Search Relevance,Kubernetes (GKE),02/12/2024,1335.29
Fintech,Lending,Pocket Growth,Databricks,02/12/2024,1070.67
Fintech,Pocket,CrossBorder Expansion,GCP BigQuery,02/12/2024,2001.77
Fintech,Pocket,Ad Targeting,AWS S3,02/12/2024,526.56
Fintech,Transfers,Search Relevance,GCP BigQuery,02/12/2024,630.52
Fintech,Deposits,Logistics Optimization,AWS Redshift,02/12/2024,842.49
Retail,Advertisement,Logistics Optimization,GCP BigQuery,03/12/2024,1105.61
Fintech,Deposits,CrossBorder Expansion,AWS EC2,03/12/2024,2368.4
Retail,Advertisement,Seller Onboarding 2.0,AWS EC2,03/12/2024,145.24
Retail,Services,Search Relevance,AWS Lambda,03/12/2024,145.19
Fintech,Lending,CrossBorder Expansion,AWS Lambda,03/12/2024,2005.73
Fintech,Deposits,Pocket Growth,AWS EC2,04/12/2024,1817.92
Retail,Services,Fraud Shield,GCP Cloud Storage,04/12/2024,1624.3
Fintech,Bank account,Shipping Automation,GCP Cloud Storage,04/12/2024,1490.83
Retail,Services,Checkout Revamp,GCP BigQuery,04/12/2024,570.78
Retail,Delivery,Seller Onboarding 2.0,Kubernetes (GKE),04/12/2024,1110.44
Fintech,Pocket,CrossBorder Expansion,AWS Lambda,05/12/2024,2131.96
Fintech,Bank account,Pocket Growth,Kubernetes (GKE),05/12/2024,2390.65
Fintech,Deposits,Logistics Optimization,AWS Lambda,05/12/2024,788.13
Retail,Services,Ad Targeting,GCP Cloud Storage,05/12/2024,1630.42
Fintech,Bank account,Pocket Growth,AWS S3,05/12/2024,1314.56
Retail,Delivery,Pocket Growth,AWS Redshift,06/12/2024,138.02
Fintech,Deposits,CrossBorder Expansion,GCP Cloud Storage,06/12/2024,2286.09
Retail,Platform,Pocket Growth,Kubernetes (GKE),06/12/2024,1489.65
Retail,Platform,Pocket Growth,Kubernetes (GKE),06/12/2024,1651.08
Retail,Delivery,Fraud Shield,AWS Redshift,07/12/2024,2052.45
Retail,Advertisement,Seller Onboarding 2.0,AWS EC2,07/12/2024,146.98
Fintech,Pocket,Fraud Shield,GCP Cloud Run,07/12/2024,99.12
Fintech,Lending,Shipping Automation,AWS Redshift,07/12/2024,1292.6
Retail,Promotion,Search Relevance,AWS S3,09/12/2024,1140.27
Retail,Promotion,Ad Targeting,AWS Redshift,09/12/2024,2201.8
Retail,Services,Fraud Shield,GCP Cloud Storage,09/12/2024,1823.92
Retail,Promotion,Search Relevance,AWS S3,09/12/2024,1042.36
Fintech,Pocket,CrossBorder Expansion,AWS Lambda,09/12/2024,1936.71
Fintech,Lending,Fraud Shield,AWS S3,09/12/2024,552.3
Retail,Delivery,Fraud Shield,AWS EC2,10/12/2024,1551.58
Retail,Delivery,Seller Onboarding 2.0,AWS Redshift,10/12/2024,567.28
Fintech,Pocket,Fraud Shield,AWS Lambda,10/12/2024,232.85
Retail,Delivery,Seller Onboarding 2.0,Kubernetes (GKE),10/12/2024,997.1
Fintech,Lending,Pocket Growth,AWS Redshift,10/12/2024,185.5
Fintech,Pocket,Ad Targeting,GCP Cloud Run,11/12/2024,1059.24
Fintech,Deposits,CrossBorder Expansion,AWS Redshift,11/12/2024,2114.62
Fintech,Lending,Fraud Shield,Databricks,11/12/2024,1299.46
Fintech,Pocket,Lending Scoring,AWS Lambda,11/12/2024,1475.58
Retail,Advertisement,Seller Onboarding 2.0,Databricks,11/12/2024,633.93
Retail,Delivery,Checkout Revamp,AWS Redshift,12/12/2024,1186.87
Fintech,Bank account,Lending Scoring,GCP Cloud Run,12/12/2024,455.33
Retail,Promotion,Seller Onboarding 2.0,AWS Redshift,12/12/2024,599.4
Fintech,Bank account,CrossBorder Expansion,AWS S3,12/12/2024,1850.81
Fintech,Deposits,Logistics Optimization,AWS Redshift,13/12/2024,923.17
Fintech,Lending,Shipping Automation,AWS Lambda,13/12/2024,2096.85
Fintech,Transfers,Fraud Shield,AWS S3,13/12/2024,475.95
Fintech,Bank account,CrossBorder Expansion,GCP Cloud Storage,13/12/2024,1953.34
Fintech,Transfers,Search Relevance,GCP BigQuery,13/12/2024,585.41
Fintech,Deposits,Pocket Growth,GCP Cloud Storage,13/12/2024,774.37
Retail,Promotion,Seller Onboarding 2.0,GCP Cloud Storage,14/12/2024,308.92
Retail,Advertisement,Logistics Optimization,AWS EC2,14/12/2024,2357.61
Retail,Delivery,Pocket Growth,AWS Redshift,14/12/2024,425.89
Fintech,Bank account,CrossBorder Expansion,Azure Data Lake,14/12/2024,445.9
Fintech,Bank account,CrossBorder Expansion,Azure Data Lake,14/12/2024,344.55
Fintech,Pocket,Ad Targeting,AWS S3,14/12/2024,526.67
Fintech,Deposits,Logistics Optimization,AWS Redshift,15/12/2024,793.32
Fintech,Bank account,CrossBorder Expansion,GCP Cloud Run,15/12/2024,148.82
Retail,Platform,Fraud Shield,AWS S3,15/12/2024,417.33
Fintech,Pocket,Lending Scoring,AWS S3,15/12/2024,859.81
Fintech,Pocket,CrossBorder Expansion,GCP BigQuery,16/12/2024,1210.78
Fintech,Transfers,Seller Onboarding 2.0,GCP Cloud Run,16/12/2024,673.46
Retail,Advertisement,Logistics Optimization,AWS EC2,16/12/2024,1210.68
Fintech,Pocket,CrossBorder Expansion,AWS S3,16/12/2024,1902.15
Retail,Delivery,CrossBorder Expansion,Kubernetes (GKE),17/12/2024,165.54
Retail,Services,Seller Onboarding 2.0,AWS Lambda,17/12/2024,929.81
Fintech,Bank account,CrossBorder Expansion,AWS S3,17/12/2024,1560.92
Fintech,Lending,Fraud Shield,AWS Redshift,17/12/2024,1777.83
Retail,Services,Seller Onboarding 2.0,GCP BigQuery,17/12/2024,599.31
Fintech,Lending,Shipping Automation,AWS Lambda,17/12/2024,1816.87
Fintech,Bank account,Lending Scoring,AWS EC2,18/12/2024,808.31
Retail,Platform,Search Relevance,AWS S3,18 de diciembre de 2024,1053.57
Fintech,Bank account,Shipping Automation,GCP Cloud Run,18/12/2024,1251.5
Fintech,Pocket,Lending Scoring,AWS S3,18/12/2024,514.15
Fintech,Transfers,Seller Onboarding 2.0,GCP BigQuery,18/12/2024,630.07
Retail,Promotion,Search Relevance,GCP Cloud Storage,18/12/2024,1448.01
Retail,Advertisement,Shipping Automation,GCP BigQuery,18/12/2024,1760.12
Retail,Services,Search Relevance,AWS Lambda,19/12/2024,193.18
Fintech,Deposits,Search Relevance,Databricks,19/12/2024,469.83
Retail,Promotion,Search Relevance,AWS Redshift,19/12/2024,2328.56
Fintech,Lending,CrossBorder Expansion,AWS S3,19/12/2024,1692.5
Fintech,Transfers,Fraud Shield,GCP BigQuery,19/12/2024,2198.34
Fintech,Deposits,Logistics Optimization,AWS Redshift,20/12/2024,787.27
Fintech,Lending,Fraud Shield,AWS Lambda,20/12/2024,222.18
Retail,Advertisement,Shipping Automation,AWS EC2,20/12/2024,270.42
Retail,Delivery,Checkout Revamp,Kubernetes (GKE),20/12/2024,1481.59
Fintech,Deposits,CrossBorder Expansion,AWS EC2,20/12/2024,1561.16
Retail,Services,Lending Scoring,GCP Cloud Storage,20/12/2024,1768.31
Retail,Promotion,Shipping Automation,AWS Redshift,20/12/2024,1030.21
Fintech,Pocket,Ad Targeting,GCP Cloud Run,21/12/2024,2002.39
Retail,Services,Seller Onboarding 2.0,GCP BigQuery,21/12/2024,509.42
Fintech,Transfers,Seller Onboarding 2.0,AWS Redshift,21/12/2024,302.59
Fintech,Bank account,Seller Onboarding 2.0,AWS EC2,21/12/2024,108.46
Retail,Promotion,CrossBorder Expansion,AWS Redshift,21/12/2024,2069.56
Fintech,Transfers,Seller Onboarding 2.0,GCP BigQuery,22/12/2024,286.9
Fintech,Pocket,Ad Targeting,GCP BigQuery,22/12/2024,1268.13
Fintech,Deposits,Logistics Optimization,AWS EC2,22/12/2024,910.33
Fintech,Deposits,CrossBorder Expansion,GCP Cloud Storage,22/12/2024,8878.18
Fintech,Pocket,CrossBorder Expansion,AWS S3,22/12/2024,1557.17
Retail,Advertisement,Seller Onboarding 2.0,AWS EC2,22/12/2024,137.95
Retail,Promotion,Shipping Automation,GCP Cloud Storage,23/12/2024,1058.45
Fintech,Pocket,Lending Scoring,GCP BigQuery,23/12/2024,733.36
Fintech,Lending,Shipping Automation,AWS Redshift,23/12/2024,1852.73
Retail,Promotion,Lending Scoring,AWS S3,23/12/2024,729.39
Fintech,Pocket,Fraud Shield,AWS Lambda,23/12/2024,232.0
Retail,Services,Fraud Shield,AWS S3,23/12/2024,367.95
Fintech,Bank account,Seller Onboarding 2.0,Azure Data Lake,23/12/2024,1226.27
Fintech,Pocket,CrossBorder Expansion,AWS Lambda,24/12/2024,2011.63
Retail,Delivery,Seller Onboarding 2.0,AWS EC2,24/12/2024,112.28
Retail,Platform,Fraud Shield,AWS Lambda,24/12/2024,236.91
Fintech,Lending,CrossBorder Expansion,AWS S3,24/12/2024,1994.15
Fintech,Deposits,Fraud Shield,Databricks,24/12/2024,1354.46
Retail,Promotion,Search Relevance,GCP Cloud Storage,25/12/2024,1451.26
Fintech,Pocket,Fraud Shield,GCP BigQuery,25/12/2024,1458.81
Fintech,Transfers,Search Relevance,GCP Cloud Run,25/12/2024,635.36
Retail,Delivery,Pocket Growth,AWS EC2,25/12/2024,9640.79
Retail,Delivery,Search Relevance,AWS Redshift,25/12/2024,1631.7
Fintech,Deposits,Pocket Growth,Kubernetes (GKE),25/12/2024,2457.04
Fintech,Lending,Fraud Shield,AWS S3,25/12/2024,404.39
Retail,Promotion,CrossBorder Expansion,AWS S3,26/12/2024,1802.1
Retail,Platform,Search Relevance,AWS S3,26/12/2024,931.26
Fintech,Bank account,Lending Scoring,AWS S3,26/12/2024,594.07
Fintech,Deposits,Search Relevance,Kubernetes (GKE),26/12/2024,1211.52
Retail,Delivery,Seller Onboarding 2.0,Kubernetes (GKE),26 de diciembre de 2024,889.21
Retail,Services,Checkout Revamp,GCP Cloud Storage,26/12/2024,376.34
Fintech,Transfers,Seller Onboarding 2.0,GCP Cloud Run,26/12/2024,444.04
Fintech,Pocket,CrossBorder Expansion,AWS Lambda,27/12/2024,2141.16
Retail,Promotion,CrossBorder Expansion,AWS Redshift,27/12/2024,1481.41
Fintech,Transfers,Fraud Shield,GCP Cloud Run,27/12/2024,586.53
Fintech,Transfers,Fraud Shield,AWS Redshift,27/12/2024,2201.34
Fintech,Pocket,Ad Targeting,Azure Data Lake,27/12/2024,180.32
Fintech,Pocket,CrossBorder Expansion,AWS Lambda,27/12/2024,1999.39
Retail,Delivery,Search Relevance,AWS Redshift,28/12/2024,1739.46
Retail,Services,Search Relevance,GCP Cloud Storage,28/12/2024,1351.56
Fintech,Bank account,CrossBorder Expansion,AWS S3,28/12/2024,1790.76
Fintech,Deposits,Logistics Optimization,AWS Lambda,28/12/2024,499.0
Retail,Delivery,Checkout Revamp,AWS Redshift,28/12/2024,1407.59
Retail,Platform,Pocket Growth,AWS S3,29/12/2024,1466.97
Retail,Promotion,Lending Scoring,GCP Cloud Storage,29/12/2024,886.18
Retail,Advertisement,Logistics Optimization,Databricks,29/12/2024,293.36
Fintech,Transfers,Fraud Shield,AWS Redshift,29/12/2024,2082.86
Retail,Advertisement,Pocket Growth,GCP BigQuery,29/12/2024,589.52
Retail,Advertisement,Pocket Growth,AWS EC2,29/12/2024,1702.74
Retail,Delivery,CrossBorder Expansion,AWS Redshift,30/12/2024,2171.82
Fintech,Lending,CrossBorder Expansion,AWS Lambda,30/12/2024,2247.96
Fintech,Pocket,Lending Scoring,AWS Lambda,30/12/2024,2625.48
Fintech,Bank account,Lending Scoring,AWS EC2,30/12/2024,752.85
Fintech,Transfers,Seller Onboarding 2.0,GCP BigQuery,30/12/2024,437.6
Fintech,Lending,CrossBorder Expansion,AWS S3,31/12/2024,1502.67
Fintech,Pocket,Lending Scoring,GCP BigQuery,31/12/2024,718.88
Fintech,Transfers,Fraud Shield,GCP Cloud Run,31/12/2024,741.96
Fintech,Bank account,Pocket Growth,Azure Data Lake,31/12/2024,1251.95
Retail,Services,Search Relevance,AWS Lambda,31/12/2024,199.41
Fintech,Transfers,Search Relevance,GCP BigQuery,31/12/2024,700.36
Fintech,Pocket,Ad Targeting,GCP BigQuery,31/12/2024,174.52